Line,Source,Target,Reactance,Normal Flow Limit (MW),Emergency Flow Limit (MW),Vulnerable?,Zone,Susceptance
1,1,2,0.0999,99999,99999,1,1,17.47076328
2,1,3,0.0424,99999,99999,1,1,41.16342575
3,4,5,0.00798,99999,99999,1,1,218.7129388
4,3,5,0.108,99999,99999,1,1,16.16045604
5,5,6,0.054,99999,99999,1,1,32.32091207
6,6,7,0.0208,99999,99999,1,1,83.91006019
7,8,9,0.0305,99999,99999,0,1,57.2239099
8,8,5,0.0267,99999,99999,1,1,65.36813678
9,9,10,0.0322,99999,99999,0,1,54.2027718
10,4,11,0.0688,99999,99999,1,1,25.36815773
11,5,11,0.0682,99999,99999,1,1,25.59133801
12,11,12,0.0196,99999,99999,1,1,89.04741082
13,2,12,0.0616,99999,99999,1,1,28.33326708
14,3,12,0.16,99999,99999,1,1,10.90830782
15,7,12,0.034,99999,99999,1,1,51.33321329
16,11,13,0.0731,99999,99999,1,1,23.87591316
17,12,14,0.0707,99999,99999,1,1,24.68641092
18,13,15,0.2444,99999,99999,1,1,7.141281718
19,14,15,0.195,99999,99999,1,1,8.95040642
20,12,16,0.0834,99999,99999,1,1,20.92720926
21,15,17,0.0437,99999,99999,1,1,39.93888448
22,16,17,0.1801,99999,99999,1,1,9.690889795
23,17,18,0.0505,99999,99999,1,1,34.56097529
24,18,19,0.0493,99999,99999,1,1,35.40221606
25,19,20,0.117,99999,99999,1,1,14.91734403
26,15,19,0.0394,99999,99999,1,1,44.29769675
27,20,21,0.0849,99999,99999,1,1,20.55747058
28,21,22,0.097,99999,99999,1,1,17.99308507
29,22,23,0.159,99999,99999,1,1,10.97691353
30,23,24,0.0492,99999,99999,1,1,35.47417179
31,23,25,0.08,99999,99999,1,1,21.81661565
32,26,25,0.0382,99999,99999,1,1,45.68924743
33,25,27,0.163,99999,99999,1,1,10.70754142
34,27,28,0.0855,99999,99999,1,1,20.41320763
35,28,29,0.0943,99999,99999,1,1,18.50826354
36,30,17,0.0388,99999,99999,1,1,44.98271268
37,8,30,0.0504,99999,99999,1,1,34.62954865
38,26,30,0.086,99999,99999,1,1,20.29452619
39,17,31,0.1563,99999,99999,1,1,11.16653392
40,29,31,0.0331,99999,99999,1,1,52.72898042
41,23,32,0.1153,99999,99999,1,1,15.13728753
42,31,32,0.0985,99999,99999,1,1,17.7190787
43,27,32,0.0755,99999,99999,1,1,23.11694374
44,15,33,0.1244,99999,99999,1,1,14.02997791
45,19,34,0.247,99999,99999,1,1,7.066110332
46,35,36,0.0102,99999,99999,1,1,171.110711
47,35,37,0.0497,99999,99999,1,1,35.11728877
48,33,37,0.142,99999,99999,1,1,12.29105107
49,34,36,0.0268,99999,99999,1,1,65.12422582
50,34,37,0.0094,99999,99999,1,1,185.6733247
51,38,37,0.0375,99999,99999,1,1,46.54211339
52,37,39,0.106,99999,99999,1,1,16.4653703
53,37,40,0.168,99999,99999,1,1,10.3888646
54,30,38,0.054,99999,99999,1,1,32.32091207
55,39,40,0.0605,99999,99999,1,1,28.84841739
56,40,41,0.0487,99999,99999,1,1,35.838383
57,40,42,0.183,99999,99999,1,1,9.537318317
58,41,42,0.135,99999,99999,1,1,12.92836483
59,43,44,0.2454,99999,99999,1,1,7.112181141
60,34,43,0.1681,99999,99999,1,1,10.38268443
61,44,45,0.0901,99999,99999,1,1,19.37102388
62,45,46,0.1356,99999,99999,1,1,12.87115968
63,46,47,0.127,99999,99999,1,1,13.74275002
64,46,48,0.189,99999,99999,1,1,9.234546307
65,47,49,0.0625,99999,99999,1,1,27.92526803
66,42,49,0.323,99999,99999,1,1,5.403496136
67,42,49,0.323,99999,99999,1,1,5.403496136
68,45,49,0.186,99999,99999,1,1,9.383490602
69,48,49,0.0505,99999,99999,1,1,34.56097529
70,49,50,0.0752,99999,99999,1,1,23.20916559
71,49,51,0.137,99999,99999,1,1,12.73962958
72,51,52,0.0588,99999,99999,1,1,29.68247027
73,52,53,0.1635,99999,99999,1,1,10.67479665
74,53,54,0.122,99999,99999,1,1,14.30597748
75,49,54,0.289,99999,99999,1,1,6.039201564
76,49,54,0.291,99999,99999,1,1,5.997695024
77,54,55,0.0707,99999,99999,1,1,24.68641092
78,54,56,0.00955,99999,99999,1,1,182.7569897
79,55,56,0.0151,99999,99999,1,1,115.5847187
80,56,57,0.0966,99999,99999,1,1,18.0675906
81,50,57,0.134,99999,99999,1,1,13.02484516
82,56,58,0.0966,99999,99999,1,1,18.0675906
83,51,58,0.0719,99999,99999,1,1,24.2743985
84,54,59,0.2293,99999,99999,1,1,7.61155365
85,56,59,0.251,99999,99999,1,1,6.953502996
86,56,59,0.239,99999,99999,1,1,7.302632854
87,55,59,0.2158,99999,99999,1,1,8.087716645
88,59,60,0.145,99999,99999,1,1,12.03675346
89,59,61,0.15,99999,99999,1,1,11.63552835
90,60,61,0.0135,99999,99999,1,1,129.2836483
91,60,62,0.0561,99999,99999,1,1,31.11103836
92,61,62,0.0376,99999,99999,1,1,46.41833117
93,63,59,0.0386,99999,99999,1,1,45.21578373
94,63,64,0.02,99999,99999,1,1,87.2664626
95,64,61,0.0268,99999,99999,1,1,65.12422582
96,38,65,0.0986,99999,99999,1,1,17.70110803
97,64,65,0.0302,99999,99999,1,1,57.79235934
98,49,66,0.0919,99999,99999,1,1,18.99161319
99,49,66,0.0919,99999,99999,1,1,18.99161319
100,62,66,0.218,99999,99999,1,1,8.006097486
101,62,67,0.117,99999,99999,1,1,14.91734403
102,65,66,0.037,99999,99999,1,1,47.17106086
103,66,67,0.1015,99999,99999,1,1,17.19536209
104,65,68,0.016,99999,99999,1,1,109.0830782
105,47,69,0.2778,99999,99999,1,1,6.282682693
106,49,69,0.324,99999,99999,1,1,5.386818679
107,68,69,0.037,99999,99999,1,1,47.17106086
108,69,70,0.127,99999,99999,1,1,13.74275002
109,24,70,0.4115,99999,99999,1,1,4.241383358
110,70,71,0.0355,99999,99999,1,1,49.16420428
111,24,72,0.196,99999,99999,1,1,8.904741082
112,71,72,0.18,99999,99999,1,1,9.696273622
113,71,73,0.0454,99999,99999,0,1,38.44337559
114,70,74,0.1323,99999,99999,1,1,13.19220901
115,70,75,0.141,99999,99999,1,1,12.37822165
116,69,75,0.122,99999,99999,1,1,14.30597748
117,74,75,0.0406,99999,99999,1,1,42.98840522
118,76,77,0.148,99999,99999,1,1,11.79276522
119,69,77,0.101,99999,99999,1,1,17.28048764
120,75,77,0.1999,99999,99999,1,1,8.731011766
121,77,78,0.0124,99999,99999,1,1,140.752359
122,78,79,0.0244,99999,99999,1,1,71.52988738
123,77,80,0.0485,99999,99999,1,1,35.98617014
124,77,80,0.105,99999,99999,1,1,16.62218335
125,79,80,0.0704,99999,99999,1,1,24.79160869
126,68,81,0.0202,99999,99999,1,1,86.40243822
127,81,80,0.037,99999,99999,1,1,47.17106086
128,77,82,0.0853,99999,99999,1,1,20.46106978
129,82,83,0.03665,99999,99999,1,1,47.62153484
130,83,84,0.132,99999,99999,1,1,13.2221913
131,83,85,0.148,99999,99999,1,1,11.79276522
132,84,85,0.0641,99999,99999,1,1,27.22822546
133,85,86,0.123,99999,99999,0,1,14.18966872
134,86,87,0.2074,99999,99999,0,1,8.415280868
135,85,88,0.102,99999,99999,1,1,17.1110711
136,85,89,0.173,99999,99999,1,1,10.08860839
137,88,89,0.0712,99999,99999,1,1,24.51305129
138,89,90,0.188,99999,99999,1,1,9.283666234
139,89,90,0.0997,99999,99999,1,1,17.50580995
140,90,91,0.0836,99999,99999,1,1,20.87714416
141,89,92,0.0505,99999,99999,1,1,34.56097529
142,89,92,0.1581,99999,99999,1,1,11.03940071
143,91,92,0.1272,99999,99999,1,1,13.72114192
144,92,93,0.0848,99999,99999,1,1,20.58171288
145,92,94,0.158,99999,99999,1,1,11.04638767
146,93,94,0.0732,99999,99999,1,1,23.84329579
147,94,95,0.0434,99999,99999,1,1,40.21495972
148,80,96,0.182,99999,99999,1,1,9.589721165
149,82,96,0.053,99999,99999,1,1,32.9307406
150,94,96,0.0869,99999,99999,1,1,20.08434122
151,80,97,0.0934,99999,99999,1,1,18.68660869
152,80,98,0.108,99999,99999,1,1,16.16045604
153,80,99,0.206,99999,99999,1,1,8.472472097
154,92,100,0.295,99999,99999,1,1,5.916370346
155,94,100,0.058,99999,99999,1,1,30.09188366
156,95,96,0.0547,99999,99999,1,1,31.90729894
157,96,97,0.0885,99999,99999,1,1,19.72123449
158,98,100,0.179,99999,99999,1,1,9.750442749
159,99,100,0.0813,99999,99999,1,1,21.46776448
160,100,101,0.1262,99999,99999,1,1,13.82986729
161,92,102,0.0559,99999,99999,1,1,31.22234798
162,101,102,0.112,99999,99999,1,1,15.58329689
163,100,103,0.0525,99999,99999,1,1,33.2443667
164,100,104,0.204,99999,99999,1,1,8.555535549
165,103,104,0.1584,99999,99999,1,1,11.01849275
166,103,105,0.1625,99999,99999,1,1,10.7404877
167,100,106,0.229,99999,99999,1,1,7.621525118
168,104,105,0.0378,99999,99999,1,1,46.17273153
169,105,106,0.0547,99999,99999,1,1,31.90729894
170,105,107,0.183,99999,99999,1,1,9.537318317
171,105,108,0.0703,99999,99999,1,1,24.82687414
172,106,107,0.183,99999,99999,1,1,9.537318317
173,108,109,0.0288,99999,99999,1,1,60.60171014
174,103,110,0.1813,99999,99999,1,1,9.626747115
175,109,110,0.0762,99999,99999,1,1,22.90458336
176,110,111,0.0755,99999,99999,0,1,23.11694374
177,110,112,0.064,99999,99999,0,1,27.27076956
178,17,113,0.0301,99999,99999,1,1,57.98436053
179,32,113,0.203,99999,99999,1,1,8.597681044
180,32,114,0.0612,99999,99999,1,1,28.51845183
181,27,115,0.0741,99999,99999,1,1,23.55370111
182,114,115,0.0104,99999,99999,1,1,167.8201204
183,68,116,0.00405,99999,99999,0,1,430.9454943
184,12,117,0.14,99999,99999,0,1,12.46663751
185,75,118,0.0481,99999,99999,1,1,36.28543143
186,76,118,0.0544,99999,99999,1,1,32.08325831
